Name,Date,Time
,,
,,
,,
,,
unknown,29.06.21,12.44.19
1901059,29.06.21,12.44.20
unknown,29.06.21,12.44.20
unknown,29.06.21,12.44.20
unknown,29.06.21,12.44.21
unknown,29.06.21,12.44.21
unknown,29.06.21,12.44.22
unknown,29.06.21,12.44.22
1901059,29.06.21,12.44.23
unknown,29.06.21,12.44.23
1901059,29.06.21,12.44.23
1901059,29.06.21,12.44.24
1901059,29.06.21,12.44.24
1901059,29.06.21,12.44.25
1901059,29.06.21,12.44.25
1901059,29.06.21,12.44.26
1901059,29.06.21,12.44.26
1901059,29.06.21,12.44.26
1901059,29.06.21,12.44.27
1901059,29.06.21,12.44.27
1901059,29.06.21,12.44.28
unknown,29.06.21,12.44.28
unknown,29.06.21,12.44.29
unknown,29.06.21,12.44.29
1901059,29.06.21,12.44.30
1901059,29.06.21,12.44.30
1901059,29.06.21,12.44.31
1901059,29.06.21,12.44.31
1901059,29.06.21,12.44.32
1901059,29.06.21,12.44.32
1901059,29.06.21,12.44.33
1901059,29.06.21,12.44.33
1901059,29.06.21,12.44.34
1901059,29.06.21,12.44.34
1901059,29.06.21,12.44.35
1901059,29.06.21,12.44.35
1901059,29.06.21,12.44.35
1901059,29.06.21,12.44.36
1901059,29.06.21,12.44.36
1901059,29.06.21,12.44.37
